ID,FNAME,LNAME,PHONENUMBER,EMAIL,PASSWORD,CREDITCARDTYPE,CREDITCARDNUMBER,STATUS
1,Angela,Pierce,62-(890)751-3825,apierce0@shinystat.com,H8HwWxJ,jcb,3550762210556760,310-31-6781
2,Aaron,Elliott,242-(530)280-0816,aelliott1@ted.com,hncQvsBEQJ,laser,6771456692586552724,491-77-8462
3,Juan,Martin,86-(441)445-5094,jmartin2@indiegogo.com,1HyCpY,maestro,675994320169587432,557-21-2124
4,Wanda,George,351-(809)869-0585,wgeorge3@desdev.cn,hbaIpjkW,jcb,3553391499723383,342-29-4119
5,Stephen,Kennedy,7-(387)554-7490,skennedy4@fda.gov,9z5kTetX,americanexpress,372301289491658,249-79-1455
6,Jimmy,Frazier,45-(511)298-7160,jfrazier5@imgur.com,EctqJGHW,jcb,3586285707160795,166-87-9206
7,Clarence,Gomez,63-(724)109-5588,cgomez6@who.int,JdyUO9,jcb,3539033096324038,595-84-9242
8,Antonio,Gibson,62-(999)223-2478,agibson7@chron.com,ehtLgb68,mastercard,5306562330265025,391-79-0926
9,Nancy,Davis,386-(840)796-7471,ndavis8@fema.gov,QpuFiD0Ytn,laser,6771239267249542216,599-34-5475
10,Peter,Kelly,962-(500)895-6888,pkelly9@qq.com,g3IrRvZfR8z,visa,4187849948481251,775-19-5768
11,Paul,Roberts,84-(786)443-9901,probertsa@mozilla.org,PRkswwKc,diners-club-enroute,201979078561042,280-63-4766
12,John,Dunn,420-(363)837-0444,jdunnb@vinaora.com,fwmmJJu,diners-club-carte-blanche,30373530975684,894-01-4540
13,Kenneth,Franklin,62-(497)473-6585,kfranklinc@mashable.com,EYCmk28WlfBN,visa-electron,4405350473982959,424-91-3065
14,Wanda,Gordon,249-(828)342-4370,wgordond@marketwatch.com,qpHDNaSkswUb,china-unionpay,5610048153077689976,672-64-3412
15,Jacqueline,Jenkins,48-(466)960-0234,jjenkinse@fema.gov,VaOuMj2,jcb,3586159321197048,536-78-8060
16,Jennifer,Nguyen,54-(872)213-8685,jnguyenf@sogou.com,dah1CwR,visa-electron,4405622455752315,286-17-1442
17,Helen,Burton,221-(241)463-4560,hburtong@deliciousdays.com,j7vHhgY7d3,jcb,3573296501514785,932-11-8329
18,Sara,Banks,81-(485)406-9611,sbanksh@google.cn,BweJoW,jcb,3564331793690901,218-38-0342
19,Lisa,Gibson,972-(413)489-0745,lgibsoni@devhub.com,SKFsWJ,jcb,3569955327352490,777-26-1106
20,Howard,Young,351-(404)423-0792,hyoungj@unc.edu,n9pYQJ2,maestro,0604651423248527371,109-92-9778
21,Brian,Barnes,86-(104)111-7326,bbarnesk@google.nl,Db1DgdkbBNaa,bankcard,5602221211941227,854-68-8357
22,Melissa,George,62-(639)334-4549,mgeorgel@usnews.com,B5iul3ioEgzg,diners-club-carte-blanche,30116034017002,106-68-9077
23,Dorothy,Matthews,880-(606)692-6125,dmatthewsm@taobao.com,SfNCM4,maestro,6304672617902581162,683-33-4278
24,Brian,Garrett,420-(984)190-4092,bgarrettn@ocn.ne.jp,CsQX8v8CO,jcb,3535557914006892,381-94-0877
25,Jessica,Ryan,62-(492)524-0246,jryano@goodreads.com,nsIrrmgkq,jcb,3559305439586928,545-18-3956
26,Susan,Fields,63-(588)549-3386,sfieldsp@sina.com.cn,OqDTYofvb,mastercard,5119856712878158,778-53-7037
27,Christine,Evans,31-(294)670-7183,cevansq@tumblr.com,750ZjL,visa,4439620601720,754-05-5190
28,Paul,Lane,62-(410)389-0470,planer@github.com,Tp6S5LSw,jcb,3541190189204687,206-47-7836
29,Nancy,Graham,86-(221)880-9321,ngrahams@1688.com,6cZyXpz,diners-club-international,36302918881788,795-00-8797
30,Charles,Young,86-(699)701-6483,cyoungt@webs.com,R7Agl6EhT2,switch,675950838622152058,789-39-7677
31,Lori,Cole,45-(178)338-6777,lcoleu@webnode.com,I5kNrxRgJa,jcb,3588501233797480,824-78-7356
32,Fred,Hughes,7-(913)753-0385,fhughesv@networksolutions.com,Rk2tkTF,instapayment,6384426830417127,836-88-6589
33,Eugene,Bryant,420-(888)401-9970,ebryantw@google.co.uk,huO110o9,maestro,67616934306030466,401-62-5491
34,Catherine,Jacobs,380-(886)470-8320,cjacobsx@chron.com,31a1N7kt,diners-club-carte-blanche,30136792168714,270-93-5940
35,Edward,Burke,86-(518)598-0427,eburkey@vinaora.com,dVvhtIee3,jcb,3574262388480689,287-51-8573
36,Jose,Shaw,351-(402)281-7550,jshawz@google.ca,zJ409cchUq2E,bankcard,5610795775371426,206-09-8298
37,Martha,Alexander,86-(620)957-9401,malexander10@t-online.de,mOC9Pw6nYEHA,jcb,3540089811035991,259-05-5557
38,Chris,Stephens,33-(682)775-9355,cstephens11@tinypic.com,rwu1sdjz,jcb,3532742373385523,337-41-4679
39,Kelly,Pierce,33-(986)710-4880,kpierce12@reddit.com,6hDm960crhp,bankcard,5602256716251334,784-41-6993
40,Joan,Reed,7-(263)809-9909,jreed13@addtoany.com,VAMmadFLR9eI,diners-club-carte-blanche,30590961964776,748-41-8685
41,Barbara,Porter,86-(220)725-5031,bporter14@smh.com.au,euw4mfL,mastercard,5298706429621917,721-05-2472
42,Roger,Palmer,86-(672)849-0236,rpalmer15@spiegel.de,eTnYu6rupbW,americanexpress,374288436188360,594-90-8634
43,William,Payne,86-(158)989-8734,wpayne16@dmoz.org,3cFQR8FC2m,jcb,3553433570722593,256-71-6735
44,Betty,Jacobs,86-(679)196-6511,bjacobs17@hao123.com,mAjsBhU24M,china-unionpay,56109887344630019,943-76-6668
45,Joan,Griffin,55-(218)480-5559,jgriffin18@harvard.edu,7riGcWkvh,diners-club-enroute,201813616432558,884-36-3432
46,Aaron,Larson,86-(256)675-8155,alarson19@admin.ch,KIYMptKoNgg,maestro,502001541698708879,371-88-1406
47,Kimberly,Gardner,387-(771)434-3746,kgardner1a@hud.gov,UZPwNEg,bankcard,5602245738838392,377-25-6291
48,Phyllis,Armstrong,505-(699)846-5146,parmstrong1b@a8.net,bEe9fnSpY,jcb,3589212386109460,403-69-3284
49,Craig,Freeman,55-(446)204-4274,cfreeman1c@jalbum.net,ifIdusX,diners-club-carte-blanche,30076609181940,385-35-5692
50,Phyllis,Morales,62-(862)592-8849,pmorales1d@gmpg.org,FX042nkY,mastercard,5007662295690167,236-14-4319
51,Heather,Burke,1-(812)916-6447,hburke1e@time.com,83RK13,jcb,3587150756010987,440-26-8013
52,Norma,Diaz,62-(706)901-4693,ndiaz1f@woothemes.com,07iuJLwpS,americanexpress,349881487327358,300-04-7812
53,Gregory,Payne,48-(111)113-4540,gpayne1g@whitehouse.gov,omHWJNM,jcb,3554398283882365,659-79-2430
54,Angela,Cooper,1-(869)793-3504,acooper1h@clickbank.net,CeffUZD9TuG,maestro,6304365948095242,767-55-6703
55,Rachel,Rice,86-(948)454-5375,rrice1i@amazon.co.uk,yMKv1hLXqdH,china-unionpay,5610665542723388417,928-82-2622
56,Louis,Fields,1-(666)242-7280,lfields1j@last.fm,EnL4sbrD,switch,6333600785777725,716-90-8494
57,Kelly,Murray,351-(425)544-0298,kmurray1k@yolasite.com,8hFDJ7Ol1OSz,visa,4017952477170638,964-04-8849
58,Cheryl,Andrews,66-(774)659-6218,candrews1l@geocities.jp,o2p6eQhlZ5,jcb,3551690518248575,889-89-7463
59,Patrick,Perez,86-(353)483-9620,pperez1m@dell.com,e4Jp46a9eNSP,jcb,3560767538736612,516-85-3048
60,Marie,Jordan,33-(705)719-5304,mjordan1n@hud.gov,JSEVkG07,americanexpress,372730891514798,139-56-2835
61,Frank,Baker,420-(920)573-5874,fbaker1o@lycos.com,rufMov,china-unionpay,560225795927530177,933-39-7086
62,Gerald,Lewis,62-(136)949-1083,glewis1p@utexas.edu,7T9TQwBBrvjp,jcb,3567037209499400,140-25-0064
63,Russell,Vasquez,506-(305)842-8307,rvasquez1q@princeton.edu,SxyYyCkgu,jcb,3530471773189010,517-93-3385
64,Eugene,Roberts,386-(969)470-3672,eroberts1r@dedecms.com,kQ9Yrl2fxZ,jcb,3585005624848509,893-92-8564
65,Patricia,Little,55-(849)884-4823,plittle1s@huffingtonpost.com,sASLQ6vFLu,jcb,3550615906704179,843-61-9972
66,Philip,Rivera,850-(684)596-3436,privera1t@gravatar.com,K2JqjU,laser,6709076080374813,151-75-9705
67,Robert,Warren,374-(892)600-4848,rwarren1u@imageshack.us,nwErQbsj,jcb,3556600375953832,958-49-6695
68,Beverly,Armstrong,63-(528)252-1456,barmstrong1v@comsenz.com,E5KmBB2,maestro,67630054824581213,696-56-3197
69,Alan,Garcia,86-(432)519-7966,agarcia1w@drupal.org,1UiHpd11gFy,jcb,3571133090064033,308-84-8161
70,Billy,Porter,359-(560)917-9810,bporter1x@godaddy.com,dIzabrPf,china-unionpay,5602247048848202,209-97-0100
71,Judy,Rose,86-(205)512-6123,jrose1y@state.gov,2uRlOaIaEY,jcb,3582922602969946,100-17-8784
72,Larry,Wheeler,351-(465)831-2253,lwheeler1z@hc360.com,XsM0aF,jcb,3535808185622341,218-98-0791
73,Julie,Armstrong,62-(715)474-3044,jarmstrong20@cmu.edu,wycY0EXBXYJ,laser,67096808909184574,993-92-5375
74,Brandon,Burns,254-(249)789-7365,bburns21@ucsd.edu,z04A5b8KRq,maestro,676380683015941438,214-39-2264
75,Kimberly,Jenkins,55-(416)907-4351,kjenkins22@is.gd,rgukOsFZ46y,jcb,3578434848980550,254-57-3513
76,Samuel,Oliver,48-(538)597-2317,soliver23@howstuffworks.com,PhiuZe7dZc,bankcard,5610335938728764,511-45-4996
77,Todd,Marshall,386-(733)834-8932,tmarshall24@earthlink.net,86UeDGgXoI7t,laser,677158548001184855,880-45-0757
78,Donna,Green,236-(509)661-7746,dgreen25@amazon.co.uk,ry0HOPzgakY,jcb,3537117454893478,650-55-8452
79,Susan,Holmes,45-(903)150-7216,sholmes26@ustream.tv,mHYakVJ8,jcb,3531775968056100,807-07-9080
80,Alice,Murray,86-(870)899-0934,amurray27@state.tx.us,9dUH0r1Aa,china-unionpay,5602233163026857,311-97-0533
81,Sara,Elliott,1-(215)729-1328,selliott28@taobao.com,AgDEPP0xsW,jcb,3550543897000250,216-43-0868
82,Stephanie,Cruz,30-(283)803-6751,scruz29@exblog.jp,oZuk7A,instapayment,6399849439900677,808-57-3057
83,Barbara,Henry,590-(834)678-8068,bhenry2a@epa.gov,p5M9gYgjzz6o,jcb,3547468102391896,199-02-5460
84,Joan,Mason,86-(896)135-5628,jmason2b@economist.com,ejo3wXMU9XAD,diners-club-enroute,201922402712774,274-38-7853
85,Johnny,Hicks,370-(595)241-1274,jhicks2c@java.com,MAI4NIhkZ,jcb,3589518983531801,182-73-5426
86,Eugene,Richardson,20-(412)117-9898,erichardson2d@time.com,ngAl6O,switch,6759560551778791,284-56-6056
87,Sean,Robinson,86-(517)304-8202,srobinson2e@wikipedia.org,0HAVPUyPZ,jcb,3562177175843481,236-30-5605
88,Aaron,Fernandez,86-(855)308-4857,afernandez2f@usnews.com,e1J9a7jCxD,jcb,3579793020843806,114-69-4143
89,Margaret,Tucker,86-(555)850-3775,mtucker2g@wikispaces.com,xrWsnk,mastercard,5002350899048686,618-49-3283
90,Patrick,Garrett,33-(133)256-8448,pgarrett2h@dell.com,V8OyTRnqu,jcb,3535964440736572,438-09-5001
91,Donald,Stephens,62-(469)862-1599,dstephens2i@deliciousdays.com,EK1FnM0,maestro,58930400829068464,955-41-2857
92,Peter,Medina,62-(293)427-8400,pmedina2j@examiner.com,qFuLB8FW,jcb,3538705292900346,813-63-0486
93,Beverly,Hansen,62-(623)237-1420,bhansen2k@nature.com,wgjHjuapUWY,mastercard,5002354070464803,908-22-8399
94,Judy,Palmer,62-(982)529-1380,jpalmer2l@baidu.com,8ftcvk0inv,switch,564182072758721298,630-25-7285
95,Rose,Stone,62-(966)146-2507,rstone2m@nbcnews.com,PIBACtYqpjx,visa-electron,4405116951273991,565-12-1887
96,Larry,Gonzales,355-(799)342-5361,lgonzales2n@flickr.com,eXRN7R,jcb,3559861510949153,452-20-3396
97,Shawn,Day,7-(592)875-8669,sday2o@fastcompany.com,Tqc7bZEcQRK,laser,630446806356479861,965-91-4933
98,Ruth,Perkins,599-(771)603-3158,rperkins2p@msn.com,cwSnuW9fj,jcb,3554063997210713,399-83-7305
99,Justin,Russell,7-(170)989-4336,jrussell2q@timesonline.co.uk,I0MqLhlga,solo,6767134124981377034,567-70-4065
100,Amy,Nichols,86-(210)922-0281,anichols2r@ucoz.ru,694pWXAJ,jcb,3531492624306800,367-56-3686
